EpLenMean,EpRewMean,EpThisIter,EpisodesSoFar,TimeElapsed,TimestepsSoFar,ev_tdlam_before,loss_ent,loss_kl,loss_pol_entpen,loss_pol_surr,loss_vf_loss
1000.0,-59.72800135450889,2,2,11.544538021087646,2000,-0.2691187858581543,5.669231,0.00018282769,0.0,0.0023374655,0.27400413
1000.0,-58.368151757405876,2,4,20.99300456047058,4000,0.06563001871109009,5.676179,3.844758e-05,0.0,-0.0016911082,0.4137332
1000.0,-53.03534242660805,2,6,30.425781965255737,6000,-0.0017682313919067383,5.672818,1.3329479e-05,0.0,-0.0025093397,0.2611172
