EpLenMean,EpRewMean,EpThisIter,EpisodesSoFar,TimeElapsed,TimestepsSoFar,ev_tdlam_before,loss_ent,loss_kl,loss_pol_entpen,loss_pol_surr,loss_vf_loss
nan,nan,0,0,1.6860811710357666,0,-0.04397475719451904,5.6692834,0.0003061924,0.0,0.0061190804,1.8799757
1000.0,-84.6585324637617,1,1,3.159085273742676,1000,-1.2405140399932861,5.663567,0.00066099525,0.0,-0.006608528,1.1911682
1000.0,-84.6585324637617,0,1,4.43339467048645,1000,0.0778161883354187,5.6673098,0.00081078324,0.0,0.0001600797,0.0935675
1000.0,-75.5626668126961,1,2,5.893973112106323,2000,0.09474992752075195,5.6710563,0.0016562865,0.0,0.00052963593,0.19346613
1000.0,-75.5626668126961,0,2,7.1523356437683105,2000,0.02931886911392212,5.668183,0.0007889114,0.0,-0.0103072105,0.034962818
1000.0,-71.04197029467367,1,3,8.624597072601318,3000,-0.33013594150543213,5.666049,0.0024835884,0.0,-0.002928573,0.15095323
