EpLenMean,EpRewMean,EpThisIter,EpisodesSoFar,TimeElapsed,TimestepsSoFar,ev_tdlam_before,loss_ent,loss_kl,loss_pol_entpen,loss_pol_surr,loss_vf_loss
nan,nan,0,0,1.5281260013580322,0,0.0005550384521484375,5.678309,0.0002674248,0.0,0.0010388275,1.2812046
1000.0,-84.47850149688884,1,1,2.946678876876831,1000,-0.25453805923461914,5.676368,0.0013356648,0.0,0.0032894511,1.1701579
