EpLenMean,EpRewMean,EpThisIter,EpisodesSoFar,TimeElapsed,TimestepsSoFar,ev_tdlam_before,loss_ent,loss_kl,loss_pol_entpen,loss_pol_surr,loss_vf_loss
nan,nan,0,0,3.940784454345703,0,2.682209014892578e-05,5.673589,0.0006498256,0.0,-0.008120949,28837.459
1000.0,-10418.823523352556,1,1,5.672791481018066,1000,-0.0022606849670410156,5.66213,0.0006350655,0.0,0.01728782,29589.03
