EpLenMean,EpRewMean,EpThisIter,EpisodesSoFar,TimeElapsed,TimestepsSoFar,ev_tdlam_before,loss_ent,loss_kl,loss_pol_entpen,loss_pol_surr,loss_vf_loss
1000.0,-69.42999068156428,1,1,6.659179449081421,1000,-0.0017154216766357422,5.6626534,0.00013106443,0.0,-0.0037062285,0.18748306
1000.0,-60.759504305481144,1,2,11.38820505142212,2000,-0.026446104049682617,5.6593018,0.00015560315,0.0,-0.002617338,0.24113853
1000.0,-55.91673474667266,1,3,16.128674507141113,3000,-0.006079316139221191,5.6608377,5.6931687e-05,0.0,-0.004235438,0.25519863
1000.0,-58.58445141074091,1,4,20.86109209060669,4000,-0.0011061429977416992,5.666132,1.8370067e-05,0.0,0.00022600687,0.7179616
1000.0,-54.995776751027925,1,5,25.598447799682617,5000,-0.0006356239318847656,5.663359,1.3589859e-05,0.0,0.0020886457,0.21066983
1000.0,-52.92752872992052,1,6,30.328556776046753,6000,-0.00014388561248779297,5.6640315,8.34465e-07,0.0,-0.0012804626,0.24580063
