EpLenMean,EpRewMean,EpThisIter,EpisodesSoFar,TimeElapsed,TimestepsSoFar,ev_tdlam_before,loss_ent,loss_kl,loss_pol_entpen,loss_pol_surr,loss_vf_loss
1000.0,-63.20303079791961,2,2,11.706160068511963,2000,0.0753980278968811,5.6795163,0.00011011111,0.0,0.00427811,0.2714751
1000.0,-59.42538808012074,2,4,21.357669591903687,4000,0.13548201322555542,5.6786814,4.3690685e-05,0.0,0.00023314134,0.31145877
1000.0,-53.87310325196595,2,6,31.024030685424805,6000,-0.002092123031616211,5.67871,2.1194948e-05,0.0,-0.0013009276,0.23254648
